dataset/python_avatar//atcoder_ABC042_A.py,weak,weak,weak,weak,weak,weak,weak,existing_benchmarks//avatar/1fc6b62726e713376d5e52b358b2e75682ae5e5e/dataset_python_avatar__atcoder_ABC042_A.py.log
dataset/python_avatar//atcoder_ABC043_B.py,medium,medium,medium,weak,weak,weak,weak,existing_benchmarks//avatar/1fc6b62726e713376d5e52b358b2e75682ae5e5e/dataset_python_avatar__atcoder_ABC043_B.py.log
dataset/python_avatar//atcoder_ABC051_A.py,weak,weak,weak,weak,weak,weak,weak,existing_benchmarks//avatar/1fc6b62726e713376d5e52b358b2e75682ae5e5e/dataset_python_avatar__atcoder_ABC051_A.py.log
dataset/python_avatar//atcoder_ABC070_B.py,weak,weak,weak,weak,weak,weak,weak,existing_benchmarks//avatar/1fc6b62726e713376d5e52b358b2e75682ae5e5e/dataset_python_avatar__atcoder_ABC070_B.py.log
dataset/python_avatar//atcoder_ABC089_C.py,medium,weak,medium,strong,strong,weak,strong,existing_benchmarks//avatar/1fc6b62726e713376d5e52b358b2e75682ae5e5e/dataset_python_avatar__atcoder_ABC089_C.py.log
dataset/python_avatar//atcoder_ABC104_C.py,strong,strong,strong,medium,weak,weak,weak,existing_benchmarks//avatar/1fc6b62726e713376d5e52b358b2e75682ae5e5e/dataset_python_avatar__atcoder_ABC104_C.py.log
dataset/python_avatar//atcoder_ABC105_D.py,weak,weak,weak,strong,strong,weak,weak,existing_benchmarks//avatar/1fc6b62726e713376d5e52b358b2e75682ae5e5e/dataset_python_avatar__atcoder_ABC105_D.py.log
dataset/python_avatar//atcoder_ABC106_C.py,strong,medium,medium,strong,strong,weak,strong,existing_benchmarks//avatar/1fc6b62726e713376d5e52b358b2e75682ae5e5e/dataset_python_avatar__atcoder_ABC106_C.py.log
dataset/python_avatar//atcoder_ABC107_C.py,strong,strong,strong,strong,weak,weak,medium,existing_benchmarks//avatar/1fc6b62726e713376d5e52b358b2e75682ae5e5e/dataset_python_avatar__atcoder_ABC107_C.py.log
dataset/python_avatar//atcoder_ABC107_D.py,strong,medium,weak,strong,weak,weak,strong,existing_benchmarks//avatar/1fc6b62726e713376d5e52b358b2e75682ae5e5e/dataset_python_avatar__atcoder_ABC107_D.py.log
dataset/python_avatar//atcoder_ABC108_B.py,weak,weak,weak,weak,weak,weak,weak,existing_benchmarks//avatar/1fc6b62726e713376d5e52b358b2e75682ae5e5e/dataset_python_avatar__atcoder_ABC108_B.py.log
dataset/python_avatar//atcoder_ABC109_B.py,medium,medium,medium,strong,medium,weak,weak,existing_benchmarks//avatar/1fc6b62726e713376d5e52b358b2e75682ae5e5e/dataset_python_avatar__atcoder_ABC109_B.py.log
dataset/python_avatar//atcoder_ABC110_C.py,weak,medium,weak,weak,strong,weak,strong,existing_benchmarks//avatar/1fc6b62726e713376d5e52b358b2e75682ae5e5e/dataset_python_avatar__atcoder_ABC110_C.py.log
dataset/python_avatar//atcoder_ABC111_C.py,strong,strong,strong,strong,weak,weak,weak,existing_benchmarks//avatar/1fc6b62726e713376d5e52b358b2e75682ae5e5e/dataset_python_avatar__atcoder_ABC111_C.py.log
dataset/python_avatar//atcoder_ABC112_A.py,weak,weak,weak,medium,weak,weak,weak,existing_benchmarks//avatar/1fc6b62726e713376d5e52b358b2e75682ae5e5e/dataset_python_avatar__atcoder_ABC112_A.py.log
dataset/python_avatar//atcoder_ABC112_C.py,medium,medium,medium,strong,strong,weak,strong,existing_benchmarks//avatar/1fc6b62726e713376d5e52b358b2e75682ae5e5e/dataset_python_avatar__atcoder_ABC112_C.py.log
dataset/python_avatar//atcoder_ABC114_C.py,medium,weak,weak,medium,weak,weak,strong,existing_benchmarks//avatar/1fc6b62726e713376d5e52b358b2e75682ae5e5e/dataset_python_avatar__atcoder_ABC114_C.py.log
dataset/python_avatar//atcoder_ABC118_C.py,weak,weak,weak,weak,medium,weak,weak,existing_benchmarks//avatar/1fc6b62726e713376d5e52b358b2e75682ae5e5e/dataset_python_avatar__atcoder_ABC118_C.py.log
dataset/python_avatar//atcoder_ABC119_B.py,weak,weak,weak,medium,weak,weak,weak,existing_benchmarks//avatar/1fc6b62726e713376d5e52b358b2e75682ae5e5e/dataset_python_avatar__atcoder_ABC119_B.py.log
dataset/python_avatar//atcoder_ABC120_C.py,weak,medium,weak,weak,strong,weak,medium,existing_benchmarks//avatar/1fc6b62726e713376d5e52b358b2e75682ae5e5e/dataset_python_avatar__atcoder_ABC120_C.py.log
dataset/python_avatar//atcoder_ABC122_C.py,weak,weak,weak,medium,medium,weak,weak,existing_benchmarks//avatar/1fc6b62726e713376d5e52b358b2e75682ae5e5e/dataset_python_avatar__atcoder_ABC122_C.py.log
dataset/python_avatar//atcoder_ABC122_D.py,strong,strong,medium,strong,weak,weak,strong,existing_benchmarks//avatar/1fc6b62726e713376d5e52b358b2e75682ae5e5e/dataset_python_avatar__atcoder_ABC122_D.py.log
dataset/python_avatar//atcoder_ABC123_B.py,medium,weak,medium,strong,medium,weak,weak,existing_benchmarks//avatar/1fc6b62726e713376d5e52b358b2e75682ae5e5e/dataset_python_avatar__atcoder_ABC123_B.py.log
dataset/python_avatar//atcoder_ABC123_C.py,weak,weak,weak,medium,medium,weak,weak,existing_benchmarks//avatar/1fc6b62726e713376d5e52b358b2e75682ae5e5e/dataset_python_avatar__atcoder_ABC123_C.py.log
dataset/python_avatar//atcoder_ABC123_D.py,medium,weak,medium,strong,weak,weak,weak,existing_benchmarks//avatar/1fc6b62726e713376d5e52b358b2e75682ae5e5e/dataset_python_avatar__atcoder_ABC123_D.py.log
dataset/python_avatar//atcoder_ABC124_A.py,weak,weak,medium,weak,weak,weak,weak,existing_benchmarks//avatar/1fc6b62726e713376d5e52b358b2e75682ae5e5e/dataset_python_avatar__atcoder_ABC124_A.py.log
dataset/python_avatar//atcoder_ABC124_C.py,weak,weak,weak,weak,strong,weak,weak,existing_benchmarks//avatar/1fc6b62726e713376d5e52b358b2e75682ae5e5e/dataset_python_avatar__atcoder_ABC124_C.py.log
dataset/python_avatar//atcoder_ABC125_A.py,weak,weak,weak,weak,weak,weak,weak,existing_benchmarks//avatar/1fc6b62726e713376d5e52b358b2e75682ae5e5e/dataset_python_avatar__atcoder_ABC125_A.py.log
dataset/python_avatar//atcoder_ABC125_B.py,weak,weak,medium,strong,weak,weak,weak,existing_benchmarks//avatar/1fc6b62726e713376d5e52b358b2e75682ae5e5e/dataset_python_avatar__atcoder_ABC125_B.py.log
dataset/python_avatar//atcoder_ABC125_C.py,strong,weak,weak,strong,weak,weak,strong,existing_benchmarks//avatar/1fc6b62726e713376d5e52b358b2e75682ae5e5e/dataset_python_avatar__atcoder_ABC125_C.py.log
dataset/python_avatar//atcoder_ABC126_D.py,strong,medium,medium,strong,medium,weak,strong,existing_benchmarks//avatar/1fc6b62726e713376d5e52b358b2e75682ae5e5e/dataset_python_avatar__atcoder_ABC126_D.py.log
dataset/python_avatar//atcoder_ABC126_E.py,strong,medium,strong,strong,strong,weak,strong,existing_benchmarks//avatar/1fc6b62726e713376d5e52b358b2e75682ae5e5e/dataset_python_avatar__atcoder_ABC126_E.py.log
dataset/python_avatar//atcoder_ABC127_B.py,weak,weak,weak,weak,weak,weak,weak,existing_benchmarks//avatar/1fc6b62726e713376d5e52b358b2e75682ae5e5e/dataset_python_avatar__atcoder_ABC127_B.py.log
dataset/python_avatar//atcoder_ABC127_F.py,strong,strong,strong,strong,strong,weak,weak,existing_benchmarks//avatar/1fc6b62726e713376d5e52b358b2e75682ae5e5e/dataset_python_avatar__atcoder_ABC127_F.py.log
dataset/python_avatar//atcoder_ABC128_C.py,medium,medium,strong,medium,medium,weak,medium,existing_benchmarks//avatar/1fc6b62726e713376d5e52b358b2e75682ae5e5e/dataset_python_avatar__atcoder_ABC128_C.py.log
dataset/python_avatar//atcoder_ABC129_E.py,weak,medium,medium,medium,weak,weak,weak,existing_benchmarks//avatar/1fc6b62726e713376d5e52b358b2e75682ae5e5e/dataset_python_avatar__atcoder_ABC129_E.py.log
dataset/python_avatar//atcoder_ABC132_A.py,medium,medium,medium,weak,medium,weak,weak,existing_benchmarks//avatar/1fc6b62726e713376d5e52b358b2e75682ae5e5e/dataset_python_avatar__atcoder_ABC132_A.py.log
dataset/python_avatar//atcoder_ABC132_F.py,medium,strong,medium,strong,weak,weak,weak,existing_benchmarks//avatar/1fc6b62726e713376d5e52b358b2e75682ae5e5e/dataset_python_avatar__atcoder_ABC132_F.py.log
dataset/python_avatar//atcoder_ABC133_B.py,medium,weak,medium,medium,medium,weak,medium,existing_benchmarks//avatar/1fc6b62726e713376d5e52b358b2e75682ae5e5e/dataset_python_avatar__atcoder_ABC133_B.py.log
dataset/python_avatar//atcoder_ABC133_E.py,medium,medium,medium,medium,strong,weak,strong,existing_benchmarks//avatar/1fc6b62726e713376d5e52b358b2e75682ae5e5e/dataset_python_avatar__atcoder_ABC133_E.py.log
dataset/python_avatar//atcoder_ABC134_E.py,medium,medium,medium,medium,weak,weak,medium,existing_benchmarks//avatar/1fc6b62726e713376d5e52b358b2e75682ae5e5e/dataset_python_avatar__atcoder_ABC134_E.py.log
dataset/python_avatar//atcoder_ABC135_D.py,strong,strong,strong,strong,strong,weak,strong,existing_benchmarks//avatar/1fc6b62726e713376d5e52b358b2e75682ae5e5e/dataset_python_avatar__atcoder_ABC135_D.py.log
dataset/python_avatar//atcoder_ABC136_B.py,weak,medium,weak,weak,weak,weak,medium,existing_benchmarks//avatar/1fc6b62726e713376d5e52b358b2e75682ae5e5e/dataset_python_avatar__atcoder_ABC136_B.py.log
dataset/python_avatar//atcoder_ABC137_D.py,medium,weak,medium,medium,strong,weak,weak,existing_benchmarks//avatar/1fc6b62726e713376d5e52b358b2e75682ae5e5e/dataset_python_avatar__atcoder_ABC137_D.py.log
dataset/python_avatar//atcoder_ABC139_B.py,weak,weak,medium,weak,weak,weak,weak,existing_benchmarks//avatar/1fc6b62726e713376d5e52b358b2e75682ae5e5e/dataset_python_avatar__atcoder_ABC139_B.py.log
dataset/python_avatar//atcoder_ABC140_D.py,strong,medium,strong,weak,weak,weak,strong,existing_benchmarks//avatar/1fc6b62726e713376d5e52b358b2e75682ae5e5e/dataset_python_avatar__atcoder_ABC140_D.py.log
dataset/python_avatar//atcoder_ABC140_F.py,medium,medium,strong,strong,strong,weak,strong,existing_benchmarks//avatar/1fc6b62726e713376d5e52b358b2e75682ae5e5e/dataset_python_avatar__atcoder_ABC140_F.py.log
dataset/python_avatar//atcoder_ABC142_A.py,medium,weak,medium,weak,weak,weak,medium,existing_benchmarks//avatar/1fc6b62726e713376d5e52b358b2e75682ae5e5e/dataset_python_avatar__atcoder_ABC142_A.py.log
dataset/python_avatar//atcoder_ABC142_C.py,weak,weak,weak,medium,medium,weak,weak,existing_benchmarks//avatar/1fc6b62726e713376d5e52b358b2e75682ae5e5e/dataset_python_avatar__atcoder_ABC142_C.py.log
dataset/python_avatar//atcoder_ABC143_A.py,weak,weak,weak,weak,weak,weak,weak,existing_benchmarks//avatar/1fc6b62726e713376d5e52b358b2e75682ae5e5e/dataset_python_avatar__atcoder_ABC143_A.py.log
dataset/python_avatar//atcoder_ABC143_D.py,medium,medium,strong,weak,strong,weak,weak,existing_benchmarks//avatar/1fc6b62726e713376d5e52b358b2e75682ae5e5e/dataset_python_avatar__atcoder_ABC143_D.py.log
dataset/python_avatar//atcoder_ABC145_B.py,weak,medium,weak,weak,weak,weak,weak,existing_benchmarks//avatar/1fc6b62726e713376d5e52b358b2e75682ae5e5e/dataset_python_avatar__atcoder_ABC145_B.py.log
dataset/python_avatar//atcoder_ABC145_C.py,medium,medium,medium,strong,medium,weak,strong,existing_benchmarks//avatar/1fc6b62726e713376d5e52b358b2e75682ae5e5e/dataset_python_avatar__atcoder_ABC145_C.py.log
dataset/python_avatar//atcoder_ABC145_E.py,strong,strong,strong,strong,medium,weak,weak,existing_benchmarks//avatar/1fc6b62726e713376d5e52b358b2e75682ae5e5e/dataset_python_avatar__atcoder_ABC145_E.py.log
dataset/python_avatar//atcoder_ABC146_D.py,medium,medium,strong,strong,strong,weak,strong,existing_benchmarks//avatar/1fc6b62726e713376d5e52b358b2e75682ae5e5e/dataset_python_avatar__atcoder_ABC146_D.py.log
dataset/python_avatar//atcoder_ABC147_D.py,weak,weak,weak,weak,medium,weak,weak,existing_benchmarks//avatar/1fc6b62726e713376d5e52b358b2e75682ae5e5e/dataset_python_avatar__atcoder_ABC147_D.py.log
dataset/python_avatar//atcoder_ABC148_F.py,strong,medium,medium,strong,strong,weak,strong,existing_benchmarks//avatar/1fc6b62726e713376d5e52b358b2e75682ae5e5e/dataset_python_avatar__atcoder_ABC148_F.py.log
dataset/python_avatar//atcoder_ABC149_B.py,weak,weak,weak,medium,weak,weak,weak,existing_benchmarks//avatar/1fc6b62726e713376d5e52b358b2e75682ae5e5e/dataset_python_avatar__atcoder_ABC149_B.py.log
dataset/python_avatar//atcoder_ABC149_C.py,strong,medium,strong,medium,weak,weak,weak,existing_benchmarks//avatar/1fc6b62726e713376d5e52b358b2e75682ae5e5e/dataset_python_avatar__atcoder_ABC149_C.py.log
dataset/python_avatar//atcoder_ABC150_C.py,weak,weak,weak,weak,medium,weak,weak,existing_benchmarks//avatar/1fc6b62726e713376d5e52b358b2e75682ae5e5e/dataset_python_avatar__atcoder_ABC150_C.py.log
dataset/python_avatar//atcoder_ABC150_D.py,strong,medium,strong,medium,medium,weak,weak,existing_benchmarks//avatar/1fc6b62726e713376d5e52b358b2e75682ae5e5e/dataset_python_avatar__atcoder_ABC150_D.py.log
dataset/python_avatar//atcoder_ABC150_E.py,weak,weak,weak,weak,weak,weak,weak,existing_benchmarks//avatar/1fc6b62726e713376d5e52b358b2e75682ae5e5e/dataset_python_avatar__atcoder_ABC150_E.py.log
dataset/python_avatar//atcoder_ABC151_A.py,strong,medium,medium,strong,weak,weak,strong,existing_benchmarks//avatar/1fc6b62726e713376d5e52b358b2e75682ae5e5e/dataset_python_avatar__atcoder_ABC151_A.py.log
dataset/python_avatar//atcoder_ABC152_C.py,weak,weak,medium,medium,medium,weak,weak,existing_benchmarks//avatar/1fc6b62726e713376d5e52b358b2e75682ae5e5e/dataset_python_avatar__atcoder_ABC152_C.py.log
dataset/python_avatar//atcoder_ABC152_E.py,weak,weak,weak,medium,strong,weak,weak,existing_benchmarks//avatar/1fc6b62726e713376d5e52b358b2e75682ae5e5e/dataset_python_avatar__atcoder_ABC152_E.py.log
dataset/python_avatar//atcoder_ABC153_A.py,weak,weak,weak,weak,weak,weak,weak,existing_benchmarks//avatar/1fc6b62726e713376d5e52b358b2e75682ae5e5e/dataset_python_avatar__atcoder_ABC153_A.py.log
dataset/python_avatar//atcoder_ABC154_A.py,medium,medium,medium,weak,weak,weak,strong,existing_benchmarks//avatar/1fc6b62726e713376d5e52b358b2e75682ae5e5e/dataset_python_avatar__atcoder_ABC154_A.py.log
dataset/python_avatar//atcoder_ABC155_D.py,strong,strong,strong,weak,weak,weak,weak,existing_benchmarks//avatar/1fc6b62726e713376d5e52b358b2e75682ae5e5e/dataset_python_avatar__atcoder_ABC155_D.py.log
dataset/python_avatar//atcoder_ABC155_E.py,strong,strong,strong,medium,medium,weak,strong,existing_benchmarks//avatar/1fc6b62726e713376d5e52b358b2e75682ae5e5e/dataset_python_avatar__atcoder_ABC155_E.py.log
dataset/python_avatar//atcoder_ABC158_A.py,weak,weak,weak,weak,weak,weak,weak,existing_benchmarks//avatar/1fc6b62726e713376d5e52b358b2e75682ae5e5e/dataset_python_avatar__atcoder_ABC158_A.py.log
dataset/python_avatar//atcoder_ABC158_B.py,weak,weak,weak,weak,weak,weak,strong,existing_benchmarks//avatar/1fc6b62726e713376d5e52b358b2e75682ae5e5e/dataset_python_avatar__atcoder_ABC158_B.py.log
dataset/python_avatar//atcoder_ABC162_D.py,medium,medium,medium,medium,medium,weak,medium,existing_benchmarks//avatar/1fc6b62726e713376d5e52b358b2e75682ae5e5e/dataset_python_avatar__atcoder_ABC162_D.py.log
dataset/python_avatar//atcoder_ABC164_A.py,weak,weak,weak,weak,weak,weak,medium,existing_benchmarks//avatar/1fc6b62726e713376d5e52b358b2e75682ae5e5e/dataset_python_avatar__atcoder_ABC164_A.py.log
dataset/python_avatar//atcoder_ABC164_D.py,weak,weak,weak,medium,weak,weak,weak,existing_benchmarks//avatar/1fc6b62726e713376d5e52b358b2e75682ae5e5e/dataset_python_avatar__atcoder_ABC164_D.py.log
dataset/python_avatar//atcoder_ABC165_C.py,strong,medium,strong,strong,weak,weak,strong,existing_benchmarks//avatar/1fc6b62726e713376d5e52b358b2e75682ae5e5e/dataset_python_avatar__atcoder_ABC165_C.py.log
dataset/python_avatar//atcoder_ABC166_C.py,medium,medium,strong,strong,weak,weak,weak,existing_benchmarks//avatar/1fc6b62726e713376d5e52b358b2e75682ae5e5e/dataset_python_avatar__atcoder_ABC166_C.py.log
dataset/python_avatar//atcoder_ABC167_C.py,strong,strong,strong,strong,strong,weak,weak,existing_benchmarks//avatar/1fc6b62726e713376d5e52b358b2e75682ae5e5e/dataset_python_avatar__atcoder_ABC167_C.py.log
dataset/python_avatar//atcoder_ABC167_D.py,medium,medium,medium,strong,medium,weak,weak,existing_benchmarks//avatar/1fc6b62726e713376d5e52b358b2e75682ae5e5e/dataset_python_avatar__atcoder_ABC167_D.py.log
dataset/python_avatar//atcoder_ABC168_B.py,weak,medium,weak,weak,weak,weak,medium,existing_benchmarks//avatar/1fc6b62726e713376d5e52b358b2e75682ae5e5e/dataset_python_avatar__atcoder_ABC168_B.py.log
dataset/python_avatar//atcoder_ABC168_C.py,weak,weak,weak,weak,strong,weak,weak,existing_benchmarks//avatar/1fc6b62726e713376d5e52b358b2e75682ae5e5e/dataset_python_avatar__atcoder_ABC168_C.py.log
dataset/python_avatar//atcoder_ABC169_C.py,weak,weak,weak,strong,strong,weak,strong,existing_benchmarks//avatar/1fc6b62726e713376d5e52b358b2e75682ae5e5e/dataset_python_avatar__atcoder_ABC169_C.py.log
dataset/python_avatar//atcoder_ABC169_D.py,strong,strong,strong,strong,strong,weak,strong,existing_benchmarks//avatar/1fc6b62726e713376d5e52b358b2e75682ae5e5e/dataset_python_avatar__atcoder_ABC169_D.py.log
dataset/python_avatar//atcoder_ABC169_E.py,medium,medium,weak,medium,weak,weak,medium,existing_benchmarks//avatar/1fc6b62726e713376d5e52b358b2e75682ae5e5e/dataset_python_avatar__atcoder_ABC169_E.py.log
dataset/python_avatar//atcoder_ABC170_A.py,weak,weak,medium,weak,weak,weak,weak,existing_benchmarks//avatar/1fc6b62726e713376d5e52b358b2e75682ae5e5e/dataset_python_avatar__atcoder_ABC170_A.py.log
dataset/python_avatar//atcoder_ABC171_B.py,weak,weak,weak,weak,weak,weak,weak,existing_benchmarks//avatar/1fc6b62726e713376d5e52b358b2e75682ae5e5e/dataset_python_avatar__atcoder_ABC171_B.py.log
dataset/python_avatar//atcoder_ABC171_E.py,weak,weak,weak,medium,weak,weak,weak,existing_benchmarks//avatar/1fc6b62726e713376d5e52b358b2e75682ae5e5e/dataset_python_avatar__atcoder_ABC171_E.py.log
dataset/python_avatar//atcoder_ABC172_D.py,medium,weak,weak,medium,medium,weak,strong,existing_benchmarks//avatar/1fc6b62726e713376d5e52b358b2e75682ae5e5e/dataset_python_avatar__atcoder_ABC172_D.py.log
dataset/python_avatar//atcoder_ABC174_C.py,medium,medium,medium,weak,strong,weak,medium,existing_benchmarks//avatar/1fc6b62726e713376d5e52b358b2e75682ae5e5e/dataset_python_avatar__atcoder_ABC174_C.py.log
dataset/python_avatar//atcoder_ABC174_E.py,medium,medium,medium,weak,weak,weak,medium,existing_benchmarks//avatar/1fc6b62726e713376d5e52b358b2e75682ae5e5e/dataset_python_avatar__atcoder_ABC174_E.py.log
dataset/python_avatar//atcoder_ABC178_A.py,weak,weak,weak,weak,medium,weak,medium,existing_benchmarks//avatar/1fc6b62726e713376d5e52b358b2e75682ae5e5e/dataset_python_avatar__atcoder_ABC178_A.py.log
dataset/python_avatar//atcoder_ABC178_B.py,medium,weak,weak,strong,strong,weak,strong,existing_benchmarks//avatar/1fc6b62726e713376d5e52b358b2e75682ae5e5e/dataset_python_avatar__atcoder_ABC178_B.py.log
dataset/python_avatar//atcoder_AGC002_A.py,medium,medium,weak,weak,strong,weak,medium,existing_benchmarks//avatar/1fc6b62726e713376d5e52b358b2e75682ae5e5e/dataset_python_avatar__atcoder_AGC002_A.py.log
dataset/python_avatar//atcoder_AGC002_B.py,strong,medium,medium,strong,strong,weak,strong,existing_benchmarks//avatar/1fc6b62726e713376d5e52b358b2e75682ae5e5e/dataset_python_avatar__atcoder_AGC002_B.py.log
dataset/python_avatar//atcoder_AGC003_C.py,weak,weak,medium,medium,weak,weak,weak,existing_benchmarks//avatar/1fc6b62726e713376d5e52b358b2e75682ae5e5e/dataset_python_avatar__atcoder_AGC003_C.py.log
dataset/python_avatar//atcoder_AGC004_B.py,medium,weak,medium,strong,weak,weak,medium,existing_benchmarks//avatar/1fc6b62726e713376d5e52b358b2e75682ae5e5e/dataset_python_avatar__atcoder_AGC004_B.py.log
dataset/python_avatar//atcoder_AGC004_D.py,medium,medium,medium,strong,strong,weak,strong,existing_benchmarks//avatar/1fc6b62726e713376d5e52b358b2e75682ae5e5e/dataset_python_avatar__atcoder_AGC004_D.py.log
dataset/python_avatar//atcoder_AGC005_B.py,strong,strong,strong,strong,weak,weak,strong,existing_benchmarks//avatar/1fc6b62726e713376d5e52b358b2e75682ae5e5e/dataset_python_avatar__atcoder_AGC005_B.py.log
dataset/python_avatar//atcoder_AGC006_A.py,medium,medium,strong,weak,weak,weak,weak,existing_benchmarks//avatar/1fc6b62726e713376d5e52b358b2e75682ae5e5e/dataset_python_avatar__atcoder_AGC006_A.py.log
dataset/python_avatar//atcoder_AGC006_B.py,strong,strong,medium,strong,weak,weak,strong,existing_benchmarks//avatar/1fc6b62726e713376d5e52b358b2e75682ae5e5e/dataset_python_avatar__atcoder_AGC006_B.py.log
dataset/python_avatar//atcoder_AGC007_C.py,weak,weak,weak,weak,weak,weak,medium,existing_benchmarks//avatar/1fc6b62726e713376d5e52b358b2e75682ae5e5e/dataset_python_avatar__atcoder_AGC007_C.py.log
dataset/python_avatar//atcoder_AGC010_B.py,weak,medium,medium,strong,weak,weak,weak,existing_benchmarks//avatar/1fc6b62726e713376d5e52b358b2e75682ae5e5e/dataset_python_avatar__atcoder_AGC010_B.py.log
dataset/python_avatar//atcoder_AGC011_C.py,strong,strong,strong,strong,medium,weak,medium,existing_benchmarks//avatar/1fc6b62726e713376d5e52b358b2e75682ae5e5e/dataset_python_avatar__atcoder_AGC011_C.py.log
dataset/python_avatar//atcoder_AGC012_A.py,weak,medium,weak,weak,medium,weak,strong,existing_benchmarks//avatar/1fc6b62726e713376d5e52b358b2e75682ae5e5e/dataset_python_avatar__atcoder_AGC012_A.py.log
dataset/python_avatar//atcoder_AGC013_A.py,medium,medium,medium,medium,strong,weak,strong,existing_benchmarks//avatar/1fc6b62726e713376d5e52b358b2e75682ae5e5e/dataset_python_avatar__atcoder_AGC013_A.py.log
dataset/python_avatar//atcoder_AGC014_D.py,strong,strong,strong,strong,strong,weak,weak,existing_benchmarks//avatar/1fc6b62726e713376d5e52b358b2e75682ae5e5e/dataset_python_avatar__atcoder_AGC014_D.py.log
dataset/python_avatar//atcoder_AGC017_A.py,strong,medium,medium,medium,weak,weak,strong,existing_benchmarks//avatar/1fc6b62726e713376d5e52b358b2e75682ae5e5e/dataset_python_avatar__atcoder_AGC017_A.py.log
dataset/python_avatar//atcoder_AGC019_A.py,strong,medium,weak,weak,strong,weak,strong,existing_benchmarks//avatar/1fc6b62726e713376d5e52b358b2e75682ae5e5e/dataset_python_avatar__atcoder_AGC019_A.py.log
dataset/python_avatar//atcoder_AGC021_B.py,medium,medium,medium,medium,medium,weak,weak,existing_benchmarks//avatar/1fc6b62726e713376d5e52b358b2e75682ae5e5e/dataset_python_avatar__atcoder_AGC021_B.py.log
dataset/python_avatar//atcoder_AGC024_B.py,strong,medium,medium,medium,weak,weak,strong,existing_benchmarks//avatar/1fc6b62726e713376d5e52b358b2e75682ae5e5e/dataset_python_avatar__atcoder_AGC024_B.py.log
dataset/python_avatar//atcoder_AGC025_A.py,weak,weak,weak,medium,weak,weak,weak,existing_benchmarks//avatar/1fc6b62726e713376d5e52b358b2e75682ae5e5e/dataset_python_avatar__atcoder_AGC025_A.py.log
dataset/python_avatar//atcoder_AGC027_A.py,medium,medium,medium,weak,weak,weak,strong,existing_benchmarks//avatar/1fc6b62726e713376d5e52b358b2e75682ae5e5e/dataset_python_avatar__atcoder_AGC027_A.py.log
dataset/python_avatar//atcoder_AGC027_B.py,weak,medium,weak,medium,medium,weak,weak,existing_benchmarks//avatar/1fc6b62726e713376d5e52b358b2e75682ae5e5e/dataset_python_avatar__atcoder_AGC027_B.py.log
dataset/python_avatar//atcoder_AGC028_A.py,medium,medium,medium,strong,weak,weak,medium,existing_benchmarks//avatar/1fc6b62726e713376d5e52b358b2e75682ae5e5e/dataset_python_avatar__atcoder_AGC028_A.py.log
dataset/python_avatar//atcoder_AGC028_B.py,weak,weak,weak,medium,strong,weak,weak,existing_benchmarks//avatar/1fc6b62726e713376d5e52b358b2e75682ae5e5e/dataset_python_avatar__atcoder_AGC028_B.py.log
dataset/python_avatar//atcoder_AGC029_C.py,strong,strong,strong,strong,weak,weak,strong,existing_benchmarks//avatar/1fc6b62726e713376d5e52b358b2e75682ae5e5e/dataset_python_avatar__atcoder_AGC029_C.py.log
dataset/python_avatar//atcoder_AGC033_A.py,medium,strong,weak,medium,strong,weak,weak,existing_benchmarks//avatar/1fc6b62726e713376d5e52b358b2e75682ae5e5e/dataset_python_avatar__atcoder_AGC033_A.py.log
dataset/python_avatar//atcoder_AGC033_B.py,strong,strong,strong,weak,weak,weak,weak,existing_benchmarks//avatar/1fc6b62726e713376d5e52b358b2e75682ae5e5e/dataset_python_avatar__atcoder_AGC033_B.py.log
dataset/python_avatar//atcoder_AGC034_B.py,strong,strong,strong,weak,weak,weak,medium,existing_benchmarks//avatar/1fc6b62726e713376d5e52b358b2e75682ae5e5e/dataset_python_avatar__atcoder_AGC034_B.py.log
dataset/python_avatar//atcoder_AGC035_B.py,strong,medium,strong,strong,strong,weak,weak,existing_benchmarks//avatar/1fc6b62726e713376d5e52b358b2e75682ae5e5e/dataset_python_avatar__atcoder_AGC035_B.py.log
dataset/python_avatar//atcoder_AGC037_E.py,strong,strong,strong,weak,weak,weak,strong,existing_benchmarks//avatar/1fc6b62726e713376d5e52b358b2e75682ae5e5e/dataset_python_avatar__atcoder_AGC037_E.py.log
dataset/python_avatar//atcoder_AGC038_A.py,strong,medium,strong,medium,weak,weak,strong,existing_benchmarks//avatar/1fc6b62726e713376d5e52b358b2e75682ae5e5e/dataset_python_avatar__atcoder_AGC038_A.py.log
dataset/python_avatar//atcoder_AGC043_B.py,strong,medium,strong,strong,weak,weak,medium,existing_benchmarks//avatar/1fc6b62726e713376d5e52b358b2e75682ae5e5e/dataset_python_avatar__atcoder_AGC043_B.py.log
dataset/python_avatar//atcoder_AGC046_A.py,weak,weak,weak,weak,medium,weak,weak,existing_benchmarks//avatar/1fc6b62726e713376d5e52b358b2e75682ae5e5e/dataset_python_avatar__atcoder_AGC046_A.py.log
dataset/python_avatar//atcoder_AGC046_B.py,weak,medium,medium,medium,weak,weak,weak,existing_benchmarks//avatar/1fc6b62726e713376d5e52b358b2e75682ae5e5e/dataset_python_avatar__atcoder_AGC046_B.py.log
dataset/python_avatar//atcoder_ARC062_B.py,medium,medium,strong,weak,weak,weak,weak,existing_benchmarks//avatar/1fc6b62726e713376d5e52b358b2e75682ae5e5e/dataset_python_avatar__atcoder_ARC062_B.py.log
dataset/python_avatar//atcoder_ARC086_B.py,strong,strong,strong,strong,strong,weak,strong,existing_benchmarks//avatar/1fc6b62726e713376d5e52b358b2e75682ae5e5e/dataset_python_avatar__atcoder_ARC086_B.py.log
dataset/python_avatar//atcoder_ARC102_C.py,strong,strong,medium,strong,weak,weak,strong,existing_benchmarks//avatar/1fc6b62726e713376d5e52b358b2e75682ae5e5e/dataset_python_avatar__atcoder_ARC102_C.py.log
dataset/python_avatar//codeforces_106_B.py,medium,medium,strong,medium,weak,weak,weak,existing_benchmarks//avatar/1fc6b62726e713376d5e52b358b2e75682ae5e5e/dataset_python_avatar__codeforces_106_B.py.log
dataset/python_avatar//codeforces_108_B.py,weak,weak,medium,weak,weak,weak,medium,existing_benchmarks//avatar/1fc6b62726e713376d5e52b358b2e75682ae5e5e/dataset_python_avatar__codeforces_108_B.py.log
dataset/python_avatar//codeforces_110_B.py,weak,weak,weak,weak,weak,weak,weak,existing_benchmarks//avatar/1fc6b62726e713376d5e52b358b2e75682ae5e5e/dataset_python_avatar__codeforces_110_B.py.log
dataset/python_avatar//codeforces_11_A.py,medium,medium,medium,medium,weak,weak,weak,existing_benchmarks//avatar/1fc6b62726e713376d5e52b358b2e75682ae5e5e/dataset_python_avatar__codeforces_11_A.py.log
dataset/python_avatar//codeforces_131_B.py,medium,medium,medium,weak,medium,weak,weak,existing_benchmarks//avatar/1fc6b62726e713376d5e52b358b2e75682ae5e5e/dataset_python_avatar__codeforces_131_B.py.log
dataset/python_avatar//codeforces_134_A.py,weak,weak,medium,medium,weak,weak,weak,existing_benchmarks//avatar/1fc6b62726e713376d5e52b358b2e75682ae5e5e/dataset_python_avatar__codeforces_134_A.py.log
dataset/python_avatar//codeforces_146_A.py,medium,medium,medium,weak,weak,weak,weak,existing_benchmarks//avatar/1fc6b62726e713376d5e52b358b2e75682ae5e5e/dataset_python_avatar__codeforces_146_A.py.log
dataset/python_avatar//codeforces_147_A.py,strong,strong,strong,medium,weak,weak,weak,existing_benchmarks//avatar/1fc6b62726e713376d5e52b358b2e75682ae5e5e/dataset_python_avatar__codeforces_147_A.py.log
dataset/python_avatar//codeforces_148_B.py,weak,medium,weak,weak,weak,weak,weak,existing_benchmarks//avatar/1fc6b62726e713376d5e52b358b2e75682ae5e5e/dataset_python_avatar__codeforces_148_B.py.log
dataset/python_avatar//codeforces_154_A.py,medium,medium,medium,weak,weak,weak,weak,existing_benchmarks//avatar/1fc6b62726e713376d5e52b358b2e75682ae5e5e/dataset_python_avatar__codeforces_154_A.py.log
dataset/python_avatar//codeforces_171_A.py,medium,medium,medium,weak,weak,weak,weak,existing_benchmarks//avatar/1fc6b62726e713376d5e52b358b2e75682ae5e5e/dataset_python_avatar__codeforces_171_A.py.log
dataset/python_avatar//codeforces_189_A.py,strong,strong,strong,medium,weak,weak,medium,existing_benchmarks//avatar/1fc6b62726e713376d5e52b358b2e75682ae5e5e/dataset_python_avatar__codeforces_189_A.py.log
dataset/python_avatar//codeforces_190_A.py,medium,strong,medium,weak,weak,weak,weak,existing_benchmarks//avatar/1fc6b62726e713376d5e52b358b2e75682ae5e5e/dataset_python_avatar__codeforces_190_A.py.log
dataset/python_avatar//codeforces_203_A.py,medium,strong,strong,medium,weak,weak,medium,existing_benchmarks//avatar/1fc6b62726e713376d5e52b358b2e75682ae5e5e/dataset_python_avatar__codeforces_203_A.py.log
dataset/python_avatar//codeforces_203_B.py,medium,strong,strong,medium,weak,weak,medium,existing_benchmarks//avatar/1fc6b62726e713376d5e52b358b2e75682ae5e5e/dataset_python_avatar__codeforces_203_B.py.log
dataset/python_avatar//codeforces_216_B.py,strong,strong,medium,strong,weak,weak,strong,existing_benchmarks//avatar/1fc6b62726e713376d5e52b358b2e75682ae5e5e/dataset_python_avatar__codeforces_216_B.py.log
dataset/python_avatar//codeforces_222_A.py,medium,strong,weak,medium,weak,weak,strong,existing_benchmarks//avatar/1fc6b62726e713376d5e52b358b2e75682ae5e5e/dataset_python_avatar__codeforces_222_A.py.log
dataset/python_avatar//codeforces_231_A.py,weak,weak,medium,weak,weak,weak,weak,existing_benchmarks//avatar/1fc6b62726e713376d5e52b358b2e75682ae5e5e/dataset_python_avatar__codeforces_231_A.py.log
dataset/python_avatar//codeforces_23_B.py,medium,medium,medium,weak,weak,weak,weak,existing_benchmarks//avatar/1fc6b62726e713376d5e52b358b2e75682ae5e5e/dataset_python_avatar__codeforces_23_B.py.log
dataset/python_avatar//codeforces_242_A.py,strong,medium,strong,medium,weak,weak,weak,existing_benchmarks//avatar/1fc6b62726e713376d5e52b358b2e75682ae5e5e/dataset_python_avatar__codeforces_242_A.py.log
dataset/python_avatar//codeforces_242_B.py,medium,medium,medium,medium,medium,weak,medium,existing_benchmarks//avatar/1fc6b62726e713376d5e52b358b2e75682ae5e5e/dataset_python_avatar__codeforces_242_B.py.log
dataset/python_avatar//codeforces_25_A.py,weak,weak,weak,medium,weak,weak,weak,existing_benchmarks//avatar/1fc6b62726e713376d5e52b358b2e75682ae5e5e/dataset_python_avatar__codeforces_25_A.py.log
dataset/python_avatar//codeforces_265_B.py,weak,weak,weak,medium,weak,weak,weak,existing_benchmarks//avatar/1fc6b62726e713376d5e52b358b2e75682ae5e5e/dataset_python_avatar__codeforces_265_B.py.log
dataset/python_avatar//codeforces_267_A.py,strong,strong,strong,medium,weak,weak,medium,existing_benchmarks//avatar/1fc6b62726e713376d5e52b358b2e75682ae5e5e/dataset_python_avatar__codeforces_267_A.py.log
dataset/python_avatar//codeforces_268_A.py,medium,medium,medium,medium,weak,weak,weak,existing_benchmarks//avatar/1fc6b62726e713376d5e52b358b2e75682ae5e5e/dataset_python_avatar__codeforces_268_A.py.log
dataset/python_avatar//codeforces_272_B.py,medium,medium,medium,strong,weak,weak,strong,existing_benchmarks//avatar/1fc6b62726e713376d5e52b358b2e75682ae5e5e/dataset_python_avatar__codeforces_272_B.py.log
dataset/python_avatar//codeforces_274_A.py,weak,weak,medium,medium,weak,weak,weak,existing_benchmarks//avatar/1fc6b62726e713376d5e52b358b2e75682ae5e5e/dataset_python_avatar__codeforces_274_A.py.log
dataset/python_avatar//codeforces_276_B.py,strong,strong,medium,weak,weak,weak,weak,existing_benchmarks//avatar/1fc6b62726e713376d5e52b358b2e75682ae5e5e/dataset_python_avatar__codeforces_276_B.py.log
dataset/python_avatar//codeforces_282_B.py,weak,weak,medium,medium,weak,weak,weak,existing_benchmarks//avatar/1fc6b62726e713376d5e52b358b2e75682ae5e5e/dataset_python_avatar__codeforces_282_B.py.log
dataset/python_avatar//codeforces_287_A.py,strong,strong,strong,medium,weak,weak,weak,existing_benchmarks//avatar/1fc6b62726e713376d5e52b358b2e75682ae5e5e/dataset_python_avatar__codeforces_287_A.py.log
dataset/python_avatar//codeforces_296_A.py,weak,weak,medium,weak,weak,weak,weak,existing_benchmarks//avatar/1fc6b62726e713376d5e52b358b2e75682ae5e5e/dataset_python_avatar__codeforces_296_A.py.log
dataset/python_avatar//codeforces_299_A.py,medium,weak,weak,strong,weak,weak,weak,existing_benchmarks//avatar/1fc6b62726e713376d5e52b358b2e75682ae5e5e/dataset_python_avatar__codeforces_299_A.py.log
dataset/python_avatar//codeforces_302_A.py,weak,weak,weak,medium,weak,weak,weak,existing_benchmarks//avatar/1fc6b62726e713376d5e52b358b2e75682ae5e5e/dataset_python_avatar__codeforces_302_A.py.log
dataset/python_avatar//codeforces_306_A.py,weak,weak,weak,medium,weak,weak,weak,existing_benchmarks//avatar/1fc6b62726e713376d5e52b358b2e75682ae5e5e/dataset_python_avatar__codeforces_306_A.py.log
dataset/python_avatar//codeforces_30_A.py,weak,medium,medium,medium,weak,weak,medium,existing_benchmarks//avatar/1fc6b62726e713376d5e52b358b2e75682ae5e5e/dataset_python_avatar__codeforces_30_A.py.log
dataset/python_avatar//codeforces_313_B.py,medium,weak,medium,medium,weak,weak,weak,existing_benchmarks//avatar/1fc6b62726e713376d5e52b358b2e75682ae5e5e/dataset_python_avatar__codeforces_313_B.py.log
dataset/python_avatar//codeforces_31_A.py,medium,medium,strong,medium,weak,weak,weak,existing_benchmarks//avatar/1fc6b62726e713376d5e52b358b2e75682ae5e5e/dataset_python_avatar__codeforces_31_A.py.log
dataset/python_avatar//codeforces_327_A.py,medium,medium,strong,medium,medium,weak,medium,existing_benchmarks//avatar/1fc6b62726e713376d5e52b358b2e75682ae5e5e/dataset_python_avatar__codeforces_327_A.py.log
dataset/python_avatar//codeforces_32_B.py,medium,medium,medium,weak,weak,weak,weak,existing_benchmarks//avatar/1fc6b62726e713376d5e52b358b2e75682ae5e5e/dataset_python_avatar__codeforces_32_B.py.log
dataset/python_avatar//codeforces_333_B.py,weak,weak,weak,medium,weak,weak,weak,existing_benchmarks//avatar/1fc6b62726e713376d5e52b358b2e75682ae5e5e/dataset_python_avatar__codeforces_333_B.py.log
dataset/python_avatar//codeforces_334_A.py,weak,weak,weak,weak,weak,weak,weak,existing_benchmarks//avatar/1fc6b62726e713376d5e52b358b2e75682ae5e5e/dataset_python_avatar__codeforces_334_A.py.log
dataset/python_avatar//codeforces_340_A.py,weak,weak,weak,weak,weak,weak,strong,existing_benchmarks//avatar/1fc6b62726e713376d5e52b358b2e75682ae5e5e/dataset_python_avatar__codeforces_340_A.py.log
dataset/python_avatar//codeforces_342_B.py,medium,medium,medium,weak,weak,weak,strong,existing_benchmarks//avatar/1fc6b62726e713376d5e52b358b2e75682ae5e5e/dataset_python_avatar__codeforces_342_B.py.log
dataset/python_avatar//codeforces_350_B.py,medium,strong,strong,strong,weak,weak,weak,existing_benchmarks//avatar/1fc6b62726e713376d5e52b358b2e75682ae5e5e/dataset_python_avatar__codeforces_350_B.py.log
dataset/python_avatar//codeforces_351_A.py,weak,medium,medium,medium,weak,weak,weak,existing_benchmarks//avatar/1fc6b62726e713376d5e52b358b2e75682ae5e5e/dataset_python_avatar__codeforces_351_A.py.log
dataset/python_avatar//codeforces_354_A.py,medium,strong,medium,medium,weak,weak,weak,existing_benchmarks//avatar/1fc6b62726e713376d5e52b358b2e75682ae5e5e/dataset_python_avatar__codeforces_354_A.py.log
dataset/python_avatar//codeforces_356_A.py,medium,medium,medium,medium,weak,weak,weak,existing_benchmarks//avatar/1fc6b62726e713376d5e52b358b2e75682ae5e5e/dataset_python_avatar__codeforces_356_A.py.log
dataset/python_avatar//codeforces_369_B.py,weak,weak,weak,medium,weak,weak,strong,existing_benchmarks//avatar/1fc6b62726e713376d5e52b358b2e75682ae5e5e/dataset_python_avatar__codeforces_369_B.py.log
dataset/python_avatar//codeforces_373_B.py,medium,medium,medium,weak,weak,weak,strong,existing_benchmarks//avatar/1fc6b62726e713376d5e52b358b2e75682ae5e5e/dataset_python_avatar__codeforces_373_B.py.log
dataset/python_avatar//codeforces_379_A.py,weak,weak,weak,weak,weak,weak,weak,existing_benchmarks//avatar/1fc6b62726e713376d5e52b358b2e75682ae5e5e/dataset_python_avatar__codeforces_379_A.py.log
dataset/python_avatar//codeforces_37_A.py,medium,medium,medium,weak,weak,weak,weak,existing_benchmarks//avatar/1fc6b62726e713376d5e52b358b2e75682ae5e5e/dataset_python_avatar__codeforces_37_A.py.log
dataset/python_avatar//codeforces_387_A.py,weak,weak,weak,weak,weak,weak,weak,existing_benchmarks//avatar/1fc6b62726e713376d5e52b358b2e75682ae5e5e/dataset_python_avatar__codeforces_387_A.py.log
dataset/python_avatar//codeforces_387_B.py,weak,medium,weak,strong,weak,weak,medium,existing_benchmarks//avatar/1fc6b62726e713376d5e52b358b2e75682ae5e5e/dataset_python_avatar__codeforces_387_B.py.log
dataset/python_avatar//codeforces_397_B.py,medium,weak,weak,strong,weak,weak,weak,existing_benchmarks//avatar/1fc6b62726e713376d5e52b358b2e75682ae5e5e/dataset_python_avatar__codeforces_397_B.py.log
dataset/python_avatar//codeforces_400_A.py,strong,strong,strong,strong,strong,weak,strong,existing_benchmarks//avatar/1fc6b62726e713376d5e52b358b2e75682ae5e5e/dataset_python_avatar__codeforces_400_A.py.log
dataset/python_avatar//codeforces_400_B.py,weak,weak,weak,strong,weak,weak,weak,existing_benchmarks//avatar/1fc6b62726e713376d5e52b358b2e75682ae5e5e/dataset_python_avatar__codeforces_400_B.py.log
dataset/python_avatar//codeforces_404_A.py,strong,strong,strong,strong,weak,weak,weak,existing_benchmarks//avatar/1fc6b62726e713376d5e52b358b2e75682ae5e5e/dataset_python_avatar__codeforces_404_A.py.log
dataset/python_avatar//codeforces_408_B.py,medium,weak,medium,weak,strong,weak,strong,existing_benchmarks//avatar/1fc6b62726e713376d5e52b358b2e75682ae5e5e/dataset_python_avatar__codeforces_408_B.py.log
dataset/python_avatar//codeforces_412_A.py,weak,weak,weak,medium,weak,weak,weak,existing_benchmarks//avatar/1fc6b62726e713376d5e52b358b2e75682ae5e5e/dataset_python_avatar__codeforces_412_A.py.log
dataset/python_avatar//codeforces_421_A.py,weak,weak,medium,strong,weak,weak,weak,existing_benchmarks//avatar/1fc6b62726e713376d5e52b358b2e75682ae5e5e/dataset_python_avatar__codeforces_421_A.py.log
dataset/python_avatar//codeforces_445_A.py,medium,medium,strong,medium,weak,weak,weak,existing_benchmarks//avatar/1fc6b62726e713376d5e52b358b2e75682ae5e5e/dataset_python_avatar__codeforces_445_A.py.log
dataset/python_avatar//codeforces_450_A.py,medium,medium,medium,medium,weak,weak,weak,existing_benchmarks//avatar/1fc6b62726e713376d5e52b358b2e75682ae5e5e/dataset_python_avatar__codeforces_450_A.py.log
dataset/python_avatar//codeforces_456_A.py,weak,weak,medium,medium,weak,weak,weak,existing_benchmarks//avatar/1fc6b62726e713376d5e52b358b2e75682ae5e5e/dataset_python_avatar__codeforces_456_A.py.log
dataset/python_avatar//codeforces_459_A.py,medium,strong,weak,medium,strong,weak,weak,existing_benchmarks//avatar/1fc6b62726e713376d5e52b358b2e75682ae5e5e/dataset_python_avatar__codeforces_459_A.py.log
dataset/python_avatar//codeforces_459_B.py,weak,weak,weak,weak,weak,weak,weak,existing_benchmarks//avatar/1fc6b62726e713376d5e52b358b2e75682ae5e5e/dataset_python_avatar__codeforces_459_B.py.log
dataset/python_avatar//codeforces_462_B.py,medium,weak,medium,medium,weak,weak,weak,existing_benchmarks//avatar/1fc6b62726e713376d5e52b358b2e75682ae5e5e/dataset_python_avatar__codeforces_462_B.py.log
dataset/python_avatar//codeforces_469_A.py,medium,medium,weak,weak,weak,weak,weak,existing_benchmarks//avatar/1fc6b62726e713376d5e52b358b2e75682ae5e5e/dataset_python_avatar__codeforces_469_A.py.log
dataset/python_avatar//codeforces_474_B.py,weak,weak,weak,medium,weak,weak,weak,existing_benchmarks//avatar/1fc6b62726e713376d5e52b358b2e75682ae5e5e/dataset_python_avatar__codeforces_474_B.py.log
dataset/python_avatar//codeforces_49_A.py,medium,strong,medium,medium,weak,weak,weak,existing_benchmarks//avatar/1fc6b62726e713376d5e52b358b2e75682ae5e5e/dataset_python_avatar__codeforces_49_A.py.log
dataset/python_avatar//codeforces_500_A.py,weak,medium,medium,medium,medium,weak,weak,existing_benchmarks//avatar/1fc6b62726e713376d5e52b358b2e75682ae5e5e/dataset_python_avatar__codeforces_500_A.py.log
dataset/python_avatar//codeforces_514_A.py,medium,medium,strong,weak,weak,weak,weak,existing_benchmarks//avatar/1fc6b62726e713376d5e52b358b2e75682ae5e5e/dataset_python_avatar__codeforces_514_A.py.log
dataset/python_avatar//codeforces_518_B.py,strong,strong,strong,weak,weak,weak,weak,existing_benchmarks//avatar/1fc6b62726e713376d5e52b358b2e75682ae5e5e/dataset_python_avatar__codeforces_518_B.py.log
dataset/python_avatar//codeforces_519_B.py,medium,weak,weak,weak,weak,weak,weak,existing_benchmarks//avatar/1fc6b62726e713376d5e52b358b2e75682ae5e5e/dataset_python_avatar__codeforces_519_B.py.log
dataset/python_avatar//codeforces_534_B.py,weak,weak,medium,weak,weak,weak,weak,existing_benchmarks//avatar/1fc6b62726e713376d5e52b358b2e75682ae5e5e/dataset_python_avatar__codeforces_534_B.py.log
dataset/python_avatar//codeforces_544_B.py,medium,medium,strong,weak,weak,weak,weak,existing_benchmarks//avatar/1fc6b62726e713376d5e52b358b2e75682ae5e5e/dataset_python_avatar__codeforces_544_B.py.log
dataset/python_avatar//codeforces_546_A.py,medium,medium,medium,weak,weak,weak,weak,existing_benchmarks//avatar/1fc6b62726e713376d5e52b358b2e75682ae5e5e/dataset_python_avatar__codeforces_546_A.py.log
dataset/python_avatar//codeforces_55_A.py,weak,medium,weak,weak,weak,weak,weak,existing_benchmarks//avatar/1fc6b62726e713376d5e52b358b2e75682ae5e5e/dataset_python_avatar__codeforces_55_A.py.log
dataset/python_avatar//codeforces_55_B.py,strong,strong,strong,strong,weak,weak,strong,existing_benchmarks//avatar/1fc6b62726e713376d5e52b358b2e75682ae5e5e/dataset_python_avatar__codeforces_55_B.py.log
dataset/python_avatar//codeforces_567_A.py,medium,medium,medium,medium,weak,weak,weak,existing_benchmarks//avatar/1fc6b62726e713376d5e52b358b2e75682ae5e5e/dataset_python_avatar__codeforces_567_A.py.log
dataset/python_avatar//codeforces_569_A.py,weak,weak,weak,weak,weak,weak,weak,existing_benchmarks//avatar/1fc6b62726e713376d5e52b358b2e75682ae5e5e/dataset_python_avatar__codeforces_569_A.py.log
dataset/python_avatar//codeforces_56_B.py,medium,medium,medium,weak,weak,weak,weak,existing_benchmarks//avatar/1fc6b62726e713376d5e52b358b2e75682ae5e5e/dataset_python_avatar__codeforces_56_B.py.log
dataset/python_avatar//codeforces_579_A.py,weak,weak,weak,weak,strong,weak,weak,existing_benchmarks//avatar/1fc6b62726e713376d5e52b358b2e75682ae5e5e/dataset_python_avatar__codeforces_579_A.py.log
dataset/python_avatar//codeforces_581_A.py,weak,weak,weak,weak,weak,weak,weak,existing_benchmarks//avatar/1fc6b62726e713376d5e52b358b2e75682ae5e5e/dataset_python_avatar__codeforces_581_A.py.log
dataset/python_avatar//codeforces_581_B.py,weak,medium,medium,medium,weak,weak,weak,existing_benchmarks//avatar/1fc6b62726e713376d5e52b358b2e75682ae5e5e/dataset_python_avatar__codeforces_581_B.py.log
dataset/python_avatar//codeforces_583_B.py,medium,medium,medium,medium,weak,weak,medium,existing_benchmarks//avatar/1fc6b62726e713376d5e52b358b2e75682ae5e5e/dataset_python_avatar__codeforces_583_B.py.log
dataset/python_avatar//codeforces_58_B.py,weak,medium,medium,weak,weak,weak,weak,existing_benchmarks//avatar/1fc6b62726e713376d5e52b358b2e75682ae5e5e/dataset_python_avatar__codeforces_58_B.py.log
dataset/python_avatar//codeforces_596_B.py,weak,weak,weak,medium,weak,weak,weak,existing_benchmarks//avatar/1fc6b62726e713376d5e52b358b2e75682ae5e5e/dataset_python_avatar__codeforces_596_B.py.log
dataset/python_avatar//codeforces_598_A.py,weak,weak,weak,weak,weak,weak,medium,existing_benchmarks//avatar/1fc6b62726e713376d5e52b358b2e75682ae5e5e/dataset_python_avatar__codeforces_598_A.py.log
dataset/python_avatar//codeforces_59_A.py,medium,weak,medium,weak,weak,weak,weak,existing_benchmarks//avatar/1fc6b62726e713376d5e52b358b2e75682ae5e5e/dataset_python_avatar__codeforces_59_A.py.log
dataset/python_avatar//codeforces_607_A.py,medium,medium,medium,medium,weak,weak,weak,existing_benchmarks//avatar/1fc6b62726e713376d5e52b358b2e75682ae5e5e/dataset_python_avatar__codeforces_607_A.py.log
dataset/python_avatar//codeforces_608_A.py,weak,weak,medium,weak,weak,weak,weak,existing_benchmarks//avatar/1fc6b62726e713376d5e52b358b2e75682ae5e5e/dataset_python_avatar__codeforces_608_A.py.log
dataset/python_avatar//codeforces_609_B.py,medium,medium,medium,weak,weak,weak,strong,existing_benchmarks//avatar/1fc6b62726e713376d5e52b358b2e75682ae5e5e/dataset_python_avatar__codeforces_609_B.py.log
dataset/python_avatar//codeforces_612_B.py,weak,weak,weak,medium,weak,weak,weak,existing_benchmarks//avatar/1fc6b62726e713376d5e52b358b2e75682ae5e5e/dataset_python_avatar__codeforces_612_B.py.log
dataset/python_avatar//codeforces_617_B.py,weak,weak,weak,medium,medium,weak,weak,existing_benchmarks//avatar/1fc6b62726e713376d5e52b358b2e75682ae5e5e/dataset_python_avatar__codeforces_617_B.py.log
dataset/python_avatar//codeforces_61_B.py,strong,medium,medium,strong,strong,weak,strong,existing_benchmarks//avatar/1fc6b62726e713376d5e52b358b2e75682ae5e5e/dataset_python_avatar__codeforces_61_B.py.log
dataset/python_avatar//codeforces_621_A.py,medium,medium,medium,weak,weak,weak,weak,existing_benchmarks//avatar/1fc6b62726e713376d5e52b358b2e75682ae5e5e/dataset_python_avatar__codeforces_621_A.py.log
dataset/python_avatar//codeforces_622_A.py,weak,medium,medium,weak,weak,weak,weak,existing_benchmarks//avatar/1fc6b62726e713376d5e52b358b2e75682ae5e5e/dataset_python_avatar__codeforces_622_A.py.log
dataset/python_avatar//codeforces_624_B.py,weak,weak,weak,weak,weak,weak,weak,existing_benchmarks//avatar/1fc6b62726e713376d5e52b358b2e75682ae5e5e/dataset_python_avatar__codeforces_624_B.py.log
dataset/python_avatar//codeforces_629_A.py,strong,strong,strong,medium,weak,weak,weak,existing_benchmarks//avatar/1fc6b62726e713376d5e52b358b2e75682ae5e5e/dataset_python_avatar__codeforces_629_A.py.log
dataset/python_avatar//codeforces_629_B.py,medium,medium,medium,medium,weak,weak,weak,existing_benchmarks//avatar/1fc6b62726e713376d5e52b358b2e75682ae5e5e/dataset_python_avatar__codeforces_629_B.py.log
dataset/python_avatar//codeforces_632_B.py,strong,strong,strong,medium,weak,weak,strong,existing_benchmarks//avatar/1fc6b62726e713376d5e52b358b2e75682ae5e5e/dataset_python_avatar__codeforces_632_B.py.log
dataset/python_avatar//codeforces_637_A.py,medium,medium,medium,weak,medium,weak,weak,existing_benchmarks//avatar/1fc6b62726e713376d5e52b358b2e75682ae5e5e/dataset_python_avatar__codeforces_637_A.py.log
dataset/python_avatar//codeforces_644_B.py,strong,medium,medium,weak,medium,weak,strong,existing_benchmarks//avatar/1fc6b62726e713376d5e52b358b2e75682ae5e5e/dataset_python_avatar__codeforces_644_B.py.log
dataset/python_avatar//codeforces_651_A.py,medium,weak,weak,weak,weak,weak,weak,existing_benchmarks//avatar/1fc6b62726e713376d5e52b358b2e75682ae5e5e/dataset_python_avatar__codeforces_651_A.py.log
dataset/python_avatar//codeforces_653_A.py,weak,weak,medium,weak,weak,weak,weak,existing_benchmarks//avatar/1fc6b62726e713376d5e52b358b2e75682ae5e5e/dataset_python_avatar__codeforces_653_A.py.log
dataset/python_avatar//codeforces_665_A.py,weak,medium,medium,weak,weak,weak,weak,existing_benchmarks//avatar/1fc6b62726e713376d5e52b358b2e75682ae5e5e/dataset_python_avatar__codeforces_665_A.py.log
dataset/python_avatar//codeforces_669_A.py,weak,weak,weak,weak,weak,weak,weak,existing_benchmarks//avatar/1fc6b62726e713376d5e52b358b2e75682ae5e5e/dataset_python_avatar__codeforces_669_A.py.log
dataset/python_avatar//codeforces_672_A.py,strong,strong,strong,strong,weak,weak,weak,existing_benchmarks//avatar/1fc6b62726e713376d5e52b358b2e75682ae5e5e/dataset_python_avatar__codeforces_672_A.py.log
dataset/python_avatar//codeforces_673_A.py,medium,medium,strong,weak,weak,weak,weak,existing_benchmarks//avatar/1fc6b62726e713376d5e52b358b2e75682ae5e5e/dataset_python_avatar__codeforces_673_A.py.log
dataset/python_avatar//codeforces_678_A.py,weak,weak,weak,weak,weak,weak,weak,existing_benchmarks//avatar/1fc6b62726e713376d5e52b358b2e75682ae5e5e/dataset_python_avatar__codeforces_678_A.py.log
dataset/python_avatar//codeforces_678_B.py,strong,strong,strong,weak,weak,weak,strong,existing_benchmarks//avatar/1fc6b62726e713376d5e52b358b2e75682ae5e5e/dataset_python_avatar__codeforces_678_B.py.log
dataset/python_avatar//codeforces_67_B.py,medium,medium,strong,medium,weak,weak,weak,existing_benchmarks//avatar/1fc6b62726e713376d5e52b358b2e75682ae5e5e/dataset_python_avatar__codeforces_67_B.py.log
dataset/python_avatar//codeforces_682_B.py,medium,weak,medium,medium,medium,weak,strong,existing_benchmarks//avatar/1fc6b62726e713376d5e52b358b2e75682ae5e5e/dataset_python_avatar__codeforces_682_B.py.log
dataset/python_avatar//codeforces_705_B.py,medium,medium,medium,weak,weak,weak,weak,existing_benchmarks//avatar/1fc6b62726e713376d5e52b358b2e75682ae5e5e/dataset_python_avatar__codeforces_705_B.py.log
dataset/python_avatar//codeforces_70_B.py,medium,medium,strong,weak,medium,weak,weak,existing_benchmarks//avatar/1fc6b62726e713376d5e52b358b2e75682ae5e5e/dataset_python_avatar__codeforces_70_B.py.log
dataset/python_avatar//codeforces_79_A.py,medium,strong,medium,medium,weak,weak,weak,existing_benchmarks//avatar/1fc6b62726e713376d5e52b358b2e75682ae5e5e/dataset_python_avatar__codeforces_79_A.py.log
dataset/python_avatar//codeforces_7_B.py,strong,strong,strong,strong,weak,weak,weak,existing_benchmarks//avatar/1fc6b62726e713376d5e52b358b2e75682ae5e5e/dataset_python_avatar__codeforces_7_B.py.log
dataset/python_avatar//codeforces_86_A.py,medium,weak,medium,medium,weak,weak,weak,existing_benchmarks//avatar/1fc6b62726e713376d5e52b358b2e75682ae5e5e/dataset_python_avatar__codeforces_86_A.py.log
dataset/python_avatar//codeforces_8_B.py,medium,medium,strong,weak,weak,weak,weak,existing_benchmarks//avatar/1fc6b62726e713376d5e52b358b2e75682ae5e5e/dataset_python_avatar__codeforces_8_B.py.log
dataset/python_avatar//codeforces_92_A.py,weak,weak,weak,weak,weak,weak,weak,existing_benchmarks//avatar/1fc6b62726e713376d5e52b358b2e75682ae5e5e/dataset_python_avatar__codeforces_92_A.py.log
dataset/python_avatar//codeforces_95_A.py,strong,medium,strong,medium,weak,weak,weak,existing_benchmarks//avatar/1fc6b62726e713376d5e52b358b2e75682ae5e5e/dataset_python_avatar__codeforces_95_A.py.log
dataset/python_avatar//codeforces_96_B.py,medium,medium,medium,strong,weak,weak,strong,existing_benchmarks//avatar/1fc6b62726e713376d5e52b358b2e75682ae5e5e/dataset_python_avatar__codeforces_96_B.py.log
dataset/python_avatar//codeforces_99_A.py,weak,medium,weak,weak,weak,weak,weak,existing_benchmarks//avatar/1fc6b62726e713376d5e52b358b2e75682ae5e5e/dataset_python_avatar__codeforces_99_A.py.log
